Date,Ticker,9:30 Price,10:30 Price,High Price,Low Price,Gap Percentage,previous_day_close,previous_day_open,previous_day_high,previous_day_low,previous_day_volume,two_days_ago_close,two_days_ago_open,two_days_ago_high,two_days_ago_low,two_days_ago_volume
2023-03-01,HOLO,20.1,20.8,22.5,20.0,-1.4705882352941297,2.04,1.96,2.08,1.91,204187.0,1.95,2.07,2.18,1.903,141468.0
2023-03-02,HOLO,21.3,21.0,21.5,20.899,0.9478672985782,2.11,2.01,2.25,2.0,262737.0,2.04,1.96,2.08,1.91,204187.0
2023-03-03,HOLO,22.0,21.9,22.589,21.6,0.0,2.2,2.13,2.2,2.0899,92761.0,2.11,2.01,2.25,2.0,262737.0
2023-03-06,HOLO,22.3,21.0,22.3,20.727,3.720930232558143,2.15,2.2,2.2589,2.08,129639.0,2.2,2.13,2.2,2.0899,92761.0
2023-03-07,HOLO,20.5,21.1,21.5,20.5,-4.651162790697678,2.15,2.23,2.23,2.03,176418.0,2.15,2.2,2.2589,2.08,129639.0
2023-03-08,HOLO,21.3,21.3,22.3,20.5,-0.9302325581395358,2.15,2.05,2.2027,2.05,105513.0,2.15,2.23,2.23,2.03,176418.0
2023-03-09,HOLO,21.3,21.05,21.373,20.7,0.9478672985782,2.11,2.13,2.23,2.05,160493.0,2.15,2.05,2.2027,2.05,105513.0
2023-03-10,HOLO,21.5,21.0,21.5,20.6,0.0,2.15,2.13,2.15,2.07,119778.0,2.11,2.13,2.23,2.05,160493.0
2023-03-13,HOLO,21.2,20.9,21.242,20.5,-1.3953488372092933,2.15,2.15,2.15,2.06,111830.0,2.15,2.13,2.15,2.07,119778.0
2023-03-14,HOLO,21.6,21.2,21.6,21.1,2.36966824644551,2.11,2.12,2.13,2.05,110880.0,2.15,2.15,2.15,2.06,111830.0
2023-03-15,HOLO,20.3,20.95,21.3,20.3,-3.3333333333333464,2.1,2.16,2.16,2.08,292177.0,2.11,2.12,2.13,2.05,110880.0
2023-03-16,HOLO,21.0,21.0,21.3,20.8,-2.77777777777778,2.16,2.03,2.1988,2.03,643605.0,2.1,2.16,2.16,2.08,292177.0
2023-03-17,HOLO,21.2,21.5,21.69,21.1,0.0,2.12,2.1,2.15,2.08,97369.0,2.16,2.03,2.1988,2.03,643605.0
2023-03-20,HOLO,21.0,22.09,22.1,21.0,-4.545454545454549,2.2,2.12,2.21,2.11,159176.0,2.12,2.1,2.15,2.08,97369.0
2023-03-21,HOLO,22.0,23.0,23.0,21.6,0.4566210045662206,2.19,2.1,2.25,2.1,134493.0,2.2,2.12,2.21,2.11,159176.0
2023-03-22,HOLO,22.0,23.0,23.099,21.743,-3.0837004405286272,2.27,2.2,2.33,2.16,99069.0,2.19,2.1,2.25,2.1,134493.0
2023-03-23,HOLO,22.6,22.9,23.2,22.3,-1.3100436681222816,2.29,2.2,2.315,2.17,162654.0,2.27,2.2,2.33,2.16,99069.0
2023-03-24,HOLO,21.9,22.1,22.3,21.6,0.0,2.19,2.26,2.32,2.13,110652.0,2.29,2.2,2.315,2.17,162654.0
2023-03-27,HOLO,22.1,21.719,22.1,21.5,-0.45045045045046084,2.22,2.19,2.23,2.16,92852.0,2.19,2.26,2.32,2.13,110652.0
2023-03-28,HOLO,21.3,21.433,21.6,21.3,-0.46728971962617905,2.14,2.21,2.21,2.12,87790.0,2.22,2.19,2.23,2.16,92852.0
2023-03-29,HOLO,21.2,21.9,22.0,21.2,0.9523809523809532,2.1,2.13,2.16,2.08,81222.0,2.14,2.21,2.21,2.12,87790.0
2023-03-30,HOLO,21.208,21.2,21.208,21.2,0.5118483412322343,2.11,2.12,2.2,2.1,71659.0,2.1,2.13,2.16,2.08,81222.0
2023-03-31,HOLO,21.2,22.1,22.8,21.2,-3.636363636363639,2.2,2.1208,2.21,2.09,70910.0,2.11,2.12,2.2,2.1,71659.0
2023-04-03,HOLO,22.1,24.7,24.999,22.0,-0.45045045045046084,2.22,2.12,2.2874,2.12,32206.0,2.2,2.1208,2.21,2.09,70910.0
2023-04-04,HOLO,24.1,23.691,24.2,23.5,-0.8230452674897125,2.43,2.21,2.4999,2.2,224262.0,2.22,2.12,2.2874,2.12,32206.0
2023-04-05,HOLO,23.4,22.397,23.4,21.602,3.999999999999994,2.25,2.41,2.4399,2.23,105804.0,2.43,2.21,2.4999,2.2,224262.0
2023-04-06,HOLO,23.6,23.3,23.9,22.9,1.2875536480686611,2.33,2.34,2.34,2.1602,65825.0,2.25,2.41,2.4399,2.23,105804.0
2023-04-10,HOLO,23.9,24.2,25.062,23.867,-1.2396694214875952,2.42,2.36,2.48,2.285,51420.0,2.33,2.34,2.34,2.1602,65825.0
2023-04-11,HOLO,24.5,24.7,24.899,24.0,1.2396694214876136,2.42,2.39,2.5062,2.37,54511.0,2.42,2.36,2.48,2.285,51420.0
2023-04-12,HOLO,24.0,23.8,24.405,23.8,-2.834008097166003,2.47,2.45,2.4899,2.34,57088.0,2.42,2.39,2.5062,2.37,54511.0
2023-04-13,HOLO,24.2,24.0,24.75,24.0,2.1097046413502034,2.37,2.4,2.4405,2.35,50939.0,2.47,2.45,2.4899,2.34,57088.0
2023-04-14,HOLO,25.8,24.421,26.499,22.0,0.0,2.58,2.42,2.67,2.39,371261.0,2.37,2.4,2.4405,2.35,50939.0
2023-04-17,HOLO,23.7,23.206,24.01,22.2,-0.4201680672268818,2.38,2.58,2.6499,2.2,589890.0,2.58,2.42,2.67,2.39,371261.0
2023-04-18,HOLO,23.241,22.5,23.3,22.3,0.6103896103896105,2.31,2.37,2.401,2.22,149610.0,2.38,2.58,2.6499,2.2,589890.0
2023-04-19,HOLO,22.9,22.85,23.1,22.5,-0.4347826086956429,2.3,2.3241,2.33,2.22,99272.0,2.31,2.37,2.401,2.22,149610.0
2023-04-20,HOLO,22.5,23.756,26.8,22.0,0.0,2.25,2.29,2.31,2.25,45566.0,2.3,2.3241,2.33,2.22,99272.0
2023-04-21,HOLO,23.5,24.585,25.499,23.3,-3.688524590163929,2.44,2.25,2.68,2.2,1614332.0,2.25,2.29,2.31,2.25,45566.0
2023-04-24,HOLO,32.0,24.3,34.7,23.4,22.51908396946564,2.62,2.35,2.78,2.33,1219671.0,2.44,2.25,2.68,2.2,1614332.0
2023-04-25,HOLO,27.1,20.7,27.4,19.8,-4.240282685512371,2.83,3.21,3.47,2.34,10536113.0,2.62,2.35,2.78,2.33,1219671.0
2023-04-26,HOLO,20.3,16.5,20.3,16.0,-2.8708133971291896,2.09,2.71,2.74,1.98,1841679.0,2.83,3.21,3.47,2.34,10536113.0
2023-04-27,HOLO,14.8,14.199,14.895,13.8,-1.986754966887419,1.51,2.03,2.03,1.4802,1393773.0,2.09,2.71,2.74,1.98,1841679.0
2023-04-28,HOLO,14.2,15.31,16.2,14.2,-2.0689655172413812,1.45,1.48,1.49,1.33,415083.0,1.51,2.03,2.03,1.4802,1393773.0
2023-05-01,HOLO,15.2,14.672,16.7,14.5,0.6622516556291397,1.51,1.42,1.73,1.42,542366.0,1.45,1.48,1.49,1.33,415083.0
2023-05-02,HOLO,14.6,14.5,14.806,14.2,-0.680272108843538,1.47,1.52,1.67,1.4201,279022.0,1.51,1.42,1.73,1.42,542366.0
2023-05-03,HOLO,14.9,14.7,14.9,14.2,2.758620689655175,1.45,1.46,1.5,1.42,241514.0,1.47,1.52,1.67,1.4201,279022.0
2023-05-04,HOLO,14.4,15.117,15.7,14.4,-2.7027027027027053,1.48,1.49,1.49,1.42,154721.0,1.45,1.46,1.5,1.42,241514.0
2023-05-05,HOLO,16.8,16.9,17.7,16.2,-7.182320441988957,1.81,1.44,2.19,1.44,3867750.0,1.48,1.49,1.49,1.42,154721.0
2023-05-08,HOLO,17.5,17.038,18.097,16.8,-1.6853932584269677,1.78,1.68,1.7872,1.62,483281.0,1.81,1.44,2.19,1.44,3867750.0
2023-05-09,HOLO,17.4,18.52,18.855,17.4,-1.9718309859154886,1.775,1.75,1.8097,1.68,262886.0,1.78,1.68,1.7872,1.62,483281.0
2023-05-10,HOLO,19.1,19.5,19.5,18.6,3.2432432432432337,1.85,1.74,2.03,1.74,596372.0,1.775,1.75,1.8097,1.68,262886.0
2023-05-11,HOLO,19.4,19.6,19.891,19.4,-1.020408163265307,1.96,1.91,2.02,1.86,164906.0,1.85,1.74,2.03,1.74,596372.0
2023-05-12,HOLO,20.0,20.091,20.4,19.4,0.0,2.0,1.94,2.045,1.94,133914.0,1.96,1.91,2.02,1.86,164906.0
2023-05-15,HOLO,19.9,20.79,21.2,19.9,-1.670125506472974,2.0238,2.0,2.08,1.94,408679.0,2.0,1.94,2.045,1.94,133914.0
2023-05-16,HOLO,21.5,21.75,22.4,21.201,-1.376146788990837,2.18,1.99,2.18,1.99,175643.0,2.0238,2.0,2.08,1.94,408679.0
2023-05-17,HOLO,21.1,21.1,21.523,20.5,-2.314814814814827,2.16,2.15,2.24,2.1139,169253.0,2.18,1.99,2.18,1.99,175643.0
2023-05-18,HOLO,21.5,21.5,21.6,20.8,-2.2727272727272845,2.2,2.11,2.2,2.05,168960.0,2.16,2.15,2.24,2.1139,169253.0
2023-05-19,HOLO,22.5,22.4,22.743,22.2,-0.8810572687224677,2.27,2.15,2.27,2.08,193683.0,2.2,2.11,2.2,2.05,168960.0
2023-05-22,HOLO,21.9,21.6,21.9,21.5,-1.3513513513513624,2.22,2.25,2.2743,2.15,108745.0,2.27,2.15,2.27,2.08,193683.0
2023-05-23,HOLO,21.3,22.0,22.0,21.3,-0.9302325581395358,2.15,2.19,2.2,2.13,54143.0,2.22,2.25,2.2743,2.15,108745.0
2023-05-24,HOLO,21.3,21.8,22.2,21.3,-0.9302325581395358,2.15,2.13,2.2699,2.13,77078.0,2.15,2.19,2.2,2.13,54143.0
2023-05-25,HOLO,21.9,22.0,22.222,21.5,-1.3513513513513624,2.22,2.13,2.24,2.13,62153.0,2.15,2.13,2.2699,2.13,77078.0
2023-05-26,HOLO,21.8,22.2,22.4,21.8,0.0,2.18,2.19,2.2222,2.15,96624.0,2.22,2.13,2.24,2.13,62153.0
2023-05-30,HOLO,22.1,22.839,23.4,22.1,-1.3392857142857253,2.24,2.18,2.24,2.17,115652.0,2.18,2.19,2.2222,2.15,96624.0
2023-05-31,HOLO,23.9,23.4,23.9,23.4,-0.4166666666666578,2.4,2.21,2.4679,2.21,243968.0,2.24,2.18,2.24,2.17,115652.0
2023-06-01,HOLO,25.8,23.1,25.8,22.9,1.976284584980248,2.53,2.39,2.55,2.32,107309.0,2.4,2.21,2.4679,2.21,243968.0
2023-06-02,HOLO,22.4,22.5,23.205,22.0,-1.3215859030836918,2.27,2.58,2.58,2.18,183466.0,2.53,2.39,2.55,2.32,107309.0
2023-06-05,HOLO,22.3,23.0,24.1,22.3,-3.87931034482758,2.32,2.24,2.34,2.2,62795.0,2.27,2.58,2.58,2.18,183466.0
2023-06-06,HOLO,22.4,23.165,23.165,22.4,-1.3215859030836918,2.27,2.23,2.41,2.23,76371.0,2.32,2.24,2.34,2.2,62795.0
2023-06-07,HOLO,23.0,22.9,23.971,22.8,0.0,2.3,2.24,2.38,2.24,88717.0,2.27,2.23,2.41,2.23,76371.0
2023-06-08,HOLO,24.7,23.8,24.7,23.6,2.06611570247935,2.42,2.3,2.42,2.28,90629.0,2.3,2.24,2.38,2.24,88717.0
2023-06-09,HOLO,23.3,23.4,23.661,23.3,-1.6877637130801704,2.37,2.47,2.47,2.36,29414.0,2.42,2.3,2.42,2.28,90629.0
2023-06-12,HOLO,23.3,23.4,24.0,22.6,0.0,2.33,2.33,2.38,2.33,36463.0,2.37,2.47,2.47,2.36,29414.0
2023-06-13,HOLO,24.0,24.2,24.2,23.672,-1.234567901234578,2.43,2.33,2.43,2.26,67405.0,2.33,2.33,2.38,2.33,36463.0
2023-06-14,HOLO,23.6,24.002,24.4,23.3,-0.421940928270052,2.37,2.4,2.48,2.3672,30884.0,2.43,2.33,2.43,2.26,67405.0
2023-06-15,HOLO,25.8,23.6,25.8,23.2,9.026369168356998,2.3664,2.36,2.44,2.33,29878.0,2.37,2.4,2.48,2.3672,30884.0
2023-06-16,HOLO,25.2,26.0,26.8,24.85,-0.7170435741864224,2.5382,2.58,2.58,2.32,257854.0,2.3664,2.36,2.44,2.33,29878.0
2023-06-20,HOLO,26.0,27.0,27.5,25.6,0.0,2.6,2.52,3.14,2.45,796046.0,2.5382,2.58,2.58,2.32,257854.0
2023-06-21,HOLO,27.5,27.8,28.6,27.382,-2.4822695035460938,2.82,2.6,2.82,2.56,289575.0,2.6,2.52,3.14,2.45,796046.0
2023-06-22,HOLO,31.1,28.38,31.1,27.8,6.869179753273083,2.9101,2.75,2.97,2.7382,268914.0,2.82,2.6,2.82,2.56,289575.0
2023-06-23,HOLO,29.7,28.1,29.7,27.6,2.413793103448286,2.9,3.11,3.11,2.6601,280202.0,2.9101,2.75,2.97,2.7382,268914.0
2023-06-26,HOLO,29.9,28.7,30.8,28.5,1.7006802721088528,2.94,2.97,2.97,2.7001,366449.0,2.9,3.11,3.11,2.6601,280202.0
2023-06-27,HOLO,27.7,28.4,28.4,27.3,-2.1201413427561855,2.83,2.99,3.08,2.77,355195.0,2.94,2.97,2.97,2.7001,366449.0
2023-06-28,HOLO,29.7,28.4,30.0,28.3,0.33783783783784566,2.96,2.77,3.0,2.73,392904.0,2.83,2.99,3.08,2.77,355195.0
2023-06-29,HOLO,28.1,28.4,28.9,27.95,-0.7067137809187285,2.83,2.97,3.0,2.66,451614.0,2.96,2.77,3.0,2.73,392904.0
2023-06-30,HOLO,28.6,31.55,32.4,28.6,1.4184397163120581,2.82,2.81,2.92,2.7701,428102.0,2.83,2.97,3.0,2.66,451614.0
2023-07-03,HOLO,31.1,34.3,34.4,30.884,-0.3205128205128279,3.12,2.86,3.24,2.86,394040.0,2.82,2.81,2.92,2.7701,428102.0
2023-07-05,HOLO,34.8,31.4,34.8,30.6,1.4577259475218607,3.43,3.11,3.49,3.0884,297213.0,3.12,2.86,3.24,2.86,394040.0
2023-07-06,HOLO,30.0,29.5,30.4,28.6,-0.6622516556291397,3.02,3.48,3.48,2.82,367859.0,3.43,3.11,3.49,3.0884,297213.0
2023-07-07,HOLO,29.6,34.0,34.0,29.5,-6.031746031746031,3.15,3.0,3.2,2.86,379706.0,3.02,3.48,3.48,2.82,367859.0
2023-07-10,HOLO,31.2,34.5,34.5,31.1,-3.9999999999999964,3.25,2.96,3.4,2.95,341707.0,3.15,3.0,3.2,2.86,379706.0
2023-07-11,HOLO,36.8,34.2,38.279,34.007,-0.8086253369272184,3.71,3.12,3.8056,3.11,333647.0,3.25,2.96,3.4,2.95,341707.0
2023-07-12,HOLO,31.2,33.6,34.3,31.2,-3.105590062111804,3.22,3.68,3.8279,2.92,416430.0,3.71,3.12,3.8056,3.11,333647.0
2023-07-13,HOLO,32.8,33.791,33.875,31.1,-2.380952380952383,3.36,3.12,3.59,3.12,322901.0,3.22,3.68,3.8279,2.92,416430.0
2023-07-14,HOLO,33.6,30.1,34.376,30.0,-0.29673590504451725,3.37,3.28,3.72,3.11,317044.0,3.36,3.12,3.59,3.12,322901.0
2023-07-17,HOLO,30.1,31.2,32.5,29.4,-0.6600660066006607,3.03,3.36,3.4376,2.88,1314129.0,3.37,3.28,3.72,3.11,317044.0
2023-07-18,HOLO,30.0,30.3,32.5,29.1,-1.6393442622950762,3.05,3.01,3.32,2.94,397087.0,3.03,3.36,3.4376,2.88,1314129.0
2023-07-19,HOLO,31.377,31.5,32.5,31.3,0.5673076923076938,3.12,3.0,3.25,2.91,412985.0,3.05,3.01,3.32,2.94,397087.0
2023-07-20,HOLO,28.1,25.6,28.2,25.3,0.0,2.81,3.1377,3.25,2.72,433795.0,3.12,3.0,3.25,2.91,412985.0
2023-07-21,HOLO,23.5,20.6,23.6,20.2,-1.673640167364018,2.39,2.81,2.82,2.2796,454906.0,2.81,3.1377,3.25,2.72,433795.0
2023-07-24,HOLO,21.5,23.3,24.0,21.3,0.46728971962615823,2.14,2.35,2.36,2.02,302604.0,2.39,2.81,2.82,2.2796,454906.0
2023-07-25,HOLO,22.9,23.4,24.499,22.4,-0.4347826086956429,2.3,2.15,2.4,2.13,278964.0,2.14,2.35,2.36,2.02,302604.0
2023-07-26,HOLO,23.6,22.7,23.6,22.6,1.7241379310344844,2.32,2.29,2.4499,2.24,219541.0,2.3,2.15,2.4,2.13,278964.0
2023-07-27,HOLO,23.5,23.9,24.125,23.5,-1.673640167364018,2.39,2.36,2.39,2.26,31796.0,2.32,2.29,2.4499,2.24,219541.0
2023-07-28,HOLO,23.8,26.0,26.8,23.8,2.36559139784945,2.325,2.35,2.4233,2.31,46623.0,2.39,2.36,2.39,2.26,31796.0
2023-07-31,HOLO,27.6,30.3,30.3,27.6,1.8412604700933402,2.7101,2.38,2.8,2.38,351665.0,2.325,2.35,2.4233,2.31,46623.0
2023-08-01,HOLO,30.8,30.2,30.8,29.973,1.986754966887419,3.02,2.76,3.05,2.76,120111.0,2.7101,2.38,2.8,2.38,351665.0
2023-08-02,HOLO,32.1,30.3,32.2,30.0,-1.5337423312883383,3.26,3.08,3.2799,2.93,93954.0,3.02,2.76,3.05,2.76,120111.0
2023-08-03,HOLO,30.0,31.7,31.9,30.0,-0.9900990099009837,3.03,3.21,3.22,2.94,80120.0,3.26,3.08,3.2799,2.93,93954.0
2023-08-04,HOLO,31.4,30.0,31.4,29.817,0.0,3.14,3.0,3.3,3.0,76505.0,3.03,3.21,3.22,2.94,80120.0
2023-08-07,HOLO,30.6,29.599,30.6,28.835,0.1636661211129261,3.055,3.14,3.14,2.9817,41523.0,3.14,3.0,3.3,3.0,76505.0
2023-08-08,HOLO,27.7,28.4,28.5,27.7,0.7067137809187285,2.83,3.06,3.06,2.7,72333.0,3.055,3.14,3.14,2.9817,41523.0
2023-08-09,HOLO,27.5,27.6,27.6,27.101,-0.3636363636363559,2.75,2.85,2.9,2.75,30595.0,2.83,3.06,3.06,2.7,72333.0
2023-08-10,HOLO,25.5,25.9,26.4,25.0,4.508196721311471,2.44,2.74,2.76,2.44,109883.0,2.75,2.85,2.9,2.75,30595.0
2023-08-11,HOLO,27.9,32.188,32.5,27.9,3.7174721189591113,2.69,2.55,2.73,2.5,94439.0,2.44,2.74,2.76,2.44,109883.0
2023-08-14,HOLO,31.5,32.6,33.5,31.0,-1.8691588785046744,3.21,2.79,3.67,2.79,622789.0,2.69,2.55,2.73,2.5,94439.0
2023-08-15,HOLO,31.8,32.101,32.9,31.8,4.113924050632908,3.16,3.15,3.38,3.1,63778.0,3.21,2.79,3.67,2.79,622789.0
2023-08-16,HOLO,31.6,33.5,34.4,31.6,-0.3144654088050387,3.18,3.29,3.33,3.18,54421.0,3.16,3.15,3.38,3.1,63778.0
2023-08-17,HOLO,30.7,31.7,32.2,30.7,-1.2861736334405156,3.11,3.17,3.44,3.045,187805.0,3.18,3.29,3.33,3.18,54421.0
2023-08-18,HOLO,33.3,33.4,33.4,33.2,0.6042296072507558,3.31,3.07,3.38,3.07,52173.0,3.11,3.17,3.44,3.045,187805.0
2023-08-21,HOLO,32.8,33.4,36.5,32.4,-4.927536231884068,3.45,3.33,3.45,3.21,40637.0,3.31,3.07,3.38,3.07,52173.0
2023-08-22,HOLO,41.9,45.352,46.5,41.227,-6.681514476614694,4.49,3.28,4.75,3.24,1446531.0,3.45,3.33,3.45,3.21,40637.0
2023-08-23,HOLO,57.4,83.4,84.0,57.0,-2.047781569965872,5.86,4.19,5.96,4.1227,421311.0,4.49,3.28,4.75,3.24,1446531.0
2023-08-24,HOLO,73.5,70.404,79.0,68.2,-2.3904382470119603,7.53,5.74,8.4,5.7,1004333.0,5.86,4.19,5.96,4.1227,421311.0
2023-08-25,HOLO,67.0,63.3,69.3,57.6,-4.69416785206259,7.03,7.35,7.9,6.43,411360.0,7.53,5.74,8.4,5.7,1004333.0
2023-08-28,HOLO,79.8,78.299,84.5,73.4,5.000000000000011,7.6,6.7,7.77,5.76,389947.0,7.03,7.35,7.9,6.43,411360.0
2023-08-29,HOLO,102.0,94.1,99.918,100.4,3.975535168195706,9.81,7.98,10.1,7.34,787714.0,7.6,6.7,7.77,5.76,389947.0
2023-08-30,HOLO,99.8,90.5,98.1,89.1,-5.671077504725894,10.58,10.2,11.169,8.6,496454.0,9.81,7.98,10.1,7.34,787714.0
2023-08-31,HOLO,97.1,94.101,96.0,91.015,-2.1169354838709586,9.92,9.98,10.31,8.86,312743.0,10.58,10.2,11.169,8.6,496454.0
2023-09-01,HOLO,96.5,90.0,96.5,88.613,6.747787610619484,9.04,9.71,10.0,8.89,178861.0,9.92,9.98,10.31,8.86,312743.0
2023-09-05,HOLO,93.0,93.1,94.0,88.1,2.19780219780221,9.1,9.65,9.65,8.68,59982.0,9.04,9.71,10.0,8.89,178861.0
2023-09-06,HOLO,95.9,97.1,98.5,92.7,-1.7418032786885238,9.76,9.3,9.98,8.81,154776.0,9.1,9.65,9.65,8.68,59982.0
2023-09-07,HOLO,97.0,83.1,87.6,82.6,6.1269146608314955,9.14,9.59,9.85,8.9809,150778.0,9.76,9.3,9.98,8.81,154776.0
2023-09-08,HOLO,91.7,93.4,93.4,88.6,0.9911894273127738,9.08,9.7,10.0,8.26,95530.0,9.14,9.59,9.85,8.9809,150778.0
2023-09-11,HOLO,97.0,94.211,97.0,89.5,3.301384451544182,9.39,9.17,9.5899,8.1701,148641.0,9.08,9.7,10.0,8.26,95530.0
2023-09-12,HOLO,99.5,100.826,92.6,100.0,3.64583333333333,9.6,9.7,10.1399,8.95,139905.0,9.39,9.17,9.5899,8.1701,148641.0
2023-09-13,HOLO,101.6,30.0,90.9,28.9,-4.421448730009413,10.63,9.95,11.3,7.16,3664820.0,9.6,9.7,10.1399,8.95,139905.0
2023-09-14,HOLO,19.2,17.0,19.9,16.65,-9.433962264150951,2.12,10.16,10.21,1.95,14317759.0,10.63,9.95,11.3,7.16,3664820.0
2023-09-15,HOLO,13.0,14.899,16.7,13.0,-1.5151515151515165,1.32,1.92,1.99,1.23,18354058.0,2.12,10.16,10.21,1.95,14317759.0
2023-09-18,HOLO,13.6,13.0,14.0,12.7,3.4220532319391754,1.315,1.3,1.67,1.3,18569262.0,1.32,1.92,1.99,1.23,18354058.0
2023-09-19,HOLO,12.85,11.9,12.999,11.7,-1.1538461538461635,1.3,1.36,1.4,1.24,3100452.0,1.315,1.3,1.67,1.3,18569262.0
2023-09-20,HOLO,12.5,12.2,12.519,12.0,-1.5748031496063006,1.27,1.285,1.2999,1.17,1995992.0,1.3,1.36,1.4,1.24,3100452.0
2023-09-21,HOLO,11.7,11.9,11.959,11.3,-4.878048780487809,1.23,1.25,1.2519,1.175,919812.0,1.27,1.285,1.2999,1.17,1995992.0
2023-09-22,HOLO,12.9,12.643,12.9,12.5,-0.7692307692307698,1.3,1.17,1.32,1.13,1582352.0,1.23,1.25,1.2519,1.175,919812.0
2023-09-25,HOLO,12.3,12.7,13.2,12.2,-0.8064516129032264,1.24,1.29,1.29,1.23,937175.0,1.3,1.17,1.32,1.13,1582352.0
2023-09-26,HOLO,12.8,13.0,13.68,12.8,0.7874015748031503,1.27,1.23,1.32,1.21,1232795.0,1.24,1.29,1.29,1.23,937175.0
2023-09-27,HOLO,13.2,13.501,13.6,13.0,-0.7518796992481209,1.33,1.28,1.368,1.28,1044771.0,1.27,1.23,1.32,1.21,1232795.0
2023-09-28,HOLO,14.2,13.797,14.4,13.6,-0.6993006993007,1.43,1.32,1.48,1.3,1425636.0,1.33,1.28,1.368,1.28,1044771.0
2023-09-29,HOLO,13.5,13.7,13.9,13.3,0.7462686567164185,1.34,1.42,1.44,1.31,578279.0,1.43,1.32,1.48,1.3,1425636.0
2023-10-02,HOLO,13.5,13.003,13.5,13.0,1.5037593984962419,1.33,1.35,1.39,1.32,433029.0,1.34,1.42,1.44,1.31,578279.0
2023-10-03,HOLO,13.0,12.7,13.1,12.6,-0.7633587786259549,1.31,1.35,1.35,1.27,395009.0,1.33,1.35,1.39,1.32,433029.0
2023-10-04,HOLO,12.5,12.396,13.0,12.3,4.1666666666666705,1.2,1.3,1.31,1.2,431264.0,1.31,1.35,1.35,1.27,395009.0
2023-10-05,HOLO,12.4,12.315,12.5,12.2,-0.8000000000000007,1.25,1.25,1.3,1.22,323332.0,1.2,1.3,1.31,1.2,431264.0
2023-10-06,HOLO,11.7,11.6,11.7,11.4,1.7391304347826104,1.15,1.24,1.25,1.13,628701.0,1.25,1.25,1.3,1.22,323332.0
2023-10-09,HOLO,11.8,9.699,9.9,10.15,0.8547008547008554,1.17,1.17,1.19,1.14,229820.0,1.15,1.24,1.25,1.13,628701.0
2023-10-10,HOLO,9.75,9.67,9.75,9.375,2.362204724409445,0.9525,1.18,1.18,0.94,1430141.0,1.17,1.17,1.19,1.14,229820.0
2023-10-11,HOLO,9.8,9.549,9.8,9.4,2.0833333333333353,0.96,0.975,0.98,0.9375,287625.0,0.9525,1.18,1.18,0.94,1430141.0
2023-10-12,HOLO,8.3,8.317,8.5,8.251,-2.35294117647059,0.85,0.98,0.98,0.81,1386298.0,0.96,0.975,0.98,0.9375,287625.0
2023-10-13,HOLO,7.567,7.901,7.948,7.505,-2.6126126126126104,0.777,0.83,0.85,0.7703,292748.0,0.85,0.98,0.98,0.81,1386298.0
2023-10-16,HOLO,7.592,7.67,7.784,7.475,-1.4921499935123996,0.7707,0.7567,0.828,0.7505,340083.0,0.777,0.83,0.85,0.7703,292748.0
2023-10-17,HOLO,7.949,7.894,8.0,7.77,0.7477820025348563,0.789,0.7592,0.8026,0.7475,221696.0,0.7707,0.7567,0.828,0.7505,340083.0
2023-10-18,HOLO,6.1,5.84,6.279,5.706,-0.016390755613831996,0.6101,0.7949,0.8,0.52,2187070.0,0.789,0.7592,0.8026,0.7475,221696.0
2023-10-19,HOLO,5.653,5.99,5.992,5.53,2.2797177492310574,0.5527,0.61,0.6279,0.551,530385.0,0.6101,0.7949,0.8,0.52,2187070.0
2023-10-20,HOLO,5.84,5.5,5.841,5.5,2.0979020979021,0.572,0.5653,0.5992,0.5505,364992.0,0.5527,0.61,0.6279,0.551,530385.0
2023-10-23,HOLO,5.31,5.36,5.36,5.119,2.6483665184612497,0.5173,0.584,0.5841,0.5008,356857.0,0.572,0.5653,0.5992,0.5505,364992.0
2023-10-24,HOLO,5.4,5.2,5.4,5.1,5.675146771037188,0.511,0.531,0.54,0.511,264852.0,0.5173,0.584,0.5841,0.5008,356857.0
2023-10-25,HOLO,5.146,5.191,5.299,5.111,2.5099601593625387,0.502,0.54,0.54,0.502,266932.0,0.511,0.531,0.54,0.511,264852.0
2023-10-26,HOLO,5.09,5.286,5.287,5.05,1.1727290797058272,0.5031,0.5146,0.5299,0.502,104500.0,0.502,0.54,0.54,0.502,266932.0
2023-10-27,HOLO,5.3,5.3,6.4,5.3,1.9230769230769247,0.52,0.509,0.5287,0.5043,188850.0,0.5031,0.5146,0.5299,0.502,104500.0
2023-10-30,HOLO,5.92,6.09,6.4,5.659,4.778761061946907,0.565,0.53,0.64,0.515,6668411.0,0.52,0.509,0.5287,0.5043,188850.0
2023-10-31,HOLO,7.2,7.3,7.6,6.005,-7.692307692307699,0.78,0.592,0.795,0.5659,2442060.0,0.565,0.53,0.64,0.515,6668411.0
2023-11-01,HOLO,7.263,7.051,7.598,7.0,-3.609820836098209,0.7535,0.72,0.76,0.6005,768461.0,0.78,0.592,0.795,0.5659,2442060.0
2023-11-02,HOLO,6.3,5.752,6.489,5.752,6.167846309403432,0.5934,0.7263,0.7598,0.5749,1619976.0,0.7535,0.72,0.76,0.6005,768461.0
2023-11-03,HOLO,6.15,6.402,6.7,5.79,4.237288135593224,0.59,0.63,0.6489,0.548,1612968.0,0.5934,0.7263,0.7598,0.5749,1619976.0
2023-11-06,HOLO,7.14,6.428,7.601,6.428,3.328509406657022,0.691,0.615,0.7854,0.579,2305822.0,0.59,0.63,0.6489,0.548,1612968.0
2023-11-07,HOLO,6.39,6.08,6.418,6.045,-1.0835913312693508,0.646,0.714,0.7601,0.5951,2079158.0,0.691,0.615,0.7854,0.579,2305822.0
2023-11-08,HOLO,6.8,6.39,6.8,6.3,0.14727540500736389,0.679,0.639,0.75,0.6045,1638963.0,0.646,0.714,0.7601,0.5951,2079158.0
2023-11-09,HOLO,6.57,6.544,6.686,6.1,3.840682788051207,0.6327,0.68,0.68,0.61,1588748.0,0.679,0.639,0.75,0.6045,1638963.0
2023-11-10,HOLO,6.564,5.898,6.564,5.73,-1.1594639361541996,0.6641,0.657,0.7033,0.61,1736269.0,0.6327,0.68,0.68,0.61,1588748.0
2023-11-13,HOLO,5.757,5.55,5.799,5.303,2.877055039313796,0.5596,0.6564,0.6564,0.51,2356550.0,0.6641,0.657,0.7033,0.61,1736269.0
2023-11-14,HOLO,6.002,5.61,6.11,5.5,1.7288135593220315,0.59,0.5757,0.5999,0.5303,1386286.0,0.5596,0.6564,0.6564,0.51,2356550.0
2023-11-15,HOLO,6.012,5.841,6.012,5.659,0.08323622440485183,0.6007,0.6002,0.611,0.55,1629448.0,0.59,0.5757,0.5999,0.5303,1386286.0
2023-11-16,HOLO,6.325,6.299,6.437,6.005,-2.497302296901511,0.6487,0.6012,0.665,0.5659,1302410.0,0.6007,0.6002,0.611,0.55,1629448.0
2023-11-17,HOLO,5.807,5.935,6.058,5.8,1.8771929824561482,0.57,0.6325,0.6437,0.5525,372901.0,0.6487,0.6012,0.665,0.5659,1302410.0
2023-11-20,HOLO,7.4,6.199,7.4,6.06,25.764785859959204,0.5884,0.5807,0.6058,0.58,171455.0,0.57,0.6325,0.6437,0.5525,372901.0
2023-11-21,HOLO,6.3,6.875,7.176,6.3,2.0242914979757014,0.6175,0.74,0.74,0.5872,1099182.0,0.5884,0.5807,0.6058,0.58,171455.0
2023-11-22,HOLO,6.929,7.081,7.4,6.915,-3.090909090909092,0.715,0.63,0.7433,0.63,1642388.0,0.6175,0.74,0.74,0.5872,1099182.0
2023-11-24,HOLO,7.006,7.295,7.3,6.915,0.014275517487507348,0.7005,0.6929,0.74,0.6915,202976.0,0.715,0.63,0.7433,0.63,1642388.0
2023-11-27,HOLO,8.2,9.082,9.797,8.15,-0.49751243781095783,0.8241,0.7006,0.8579,0.6915,950013.0,0.7005,0.6929,0.74,0.6915,202976.0
2023-11-28,HOLO,9.784,11.997,12.3,10.2,2.9677962534203326,0.9502,0.82,0.988,0.7601,2605594.0,0.8241,0.7006,0.8579,0.6915,950013.0
2023-11-29,HOLO,7.122,6.567,7.257,6.49,1.742857142857157,0.7,0.9784,1.23,0.6398,6806706.0,0.9502,0.82,0.988,0.7601,2605594.0
2023-11-30,HOLO,5.5,5.321,5.7,5.13,0.0,0.55,0.7122,0.7257,0.5423,3889170.0,0.7,0.9784,1.23,0.6398,6806706.0
2023-12-01,HOLO,5.169,5.009,5.221,4.93,3.3800000000000052,0.5,0.55,0.57,0.49,3057555.0,0.55,0.7122,0.7257,0.5423,3889170.0
2023-12-04,HOLO,5.0,4.551,5.095,4.4,2.040816326530614,0.49,0.5169,0.5358,0.485,1581846.0,0.5,0.55,0.57,0.49,3057555.0
2023-12-05,HOLO,4.621,4.454,4.647,4.4,0.04329941545789857,0.4619,0.5,0.5095,0.44,1410196.0,0.49,0.5169,0.5358,0.485,1581846.0
2023-12-06,HOLO,4.155,4.29,4.429,4.155,-2.9205607476635542,0.428,0.4621,0.4647,0.409,1375810.0,0.4619,0.5,0.5095,0.44,1410196.0
2023-12-07,HOLO,4.522,4.51,4.59,4.403,4.410066959131842,0.4331,0.4155,0.4591,0.4155,1001749.0,0.428,0.4621,0.4647,0.409,1375810.0
2023-12-08,HOLO,4.4,4.39,4.4,4.205,1.1494252873563229,0.435,0.4522,0.48,0.41,1724491.0,0.4331,0.4155,0.4591,0.4155,1001749.0
2023-12-11,HOLO,4.209,3.999,4.3,3.875,-0.023752969121137526,0.421,0.44,0.44,0.4126,331838.0,0.435,0.4522,0.48,0.41,1724491.0
2023-12-12,HOLO,3.824,3.959,4.02,3.824,-5.0173869846000985,0.4026,0.4209,0.43,0.385,834805.0,0.421,0.44,0.44,0.4126,331838.0
2023-12-13,HOLO,4.1,4.144,4.249,4.021,-4.048677743973798,0.4273,0.3824,0.4298,0.3824,296639.0,0.4026,0.4209,0.43,0.385,834805.0
2023-12-14,HOLO,4.195,4.399,4.639,4.195,0.16714422158547718,0.4188,0.41,0.4249,0.396,376639.0,0.4273,0.3824,0.4298,0.3824,296639.0
2023-12-15,HOLO,4.7,4.739,4.75,4.521,0.5777872886796448,0.4673,0.4195,0.4766,0.4195,1014427.0,0.4188,0.41,0.4249,0.396,376639.0
2023-12-18,HOLO,4.649,4.545,4.649,4.449,1.2854030501089238,0.459,0.47,0.475,0.44,383475.0,0.4673,0.4195,0.4766,0.4195,1014427.0
2023-12-19,HOLO,4.33,4.139,4.49,4.107,-0.023089355806970444,0.4331,0.4649,0.4649,0.41,287542.0,0.459,0.47,0.475,0.44,383475.0
2023-12-20,HOLO,4.46,4.345,4.47,4.289,2.5287356321839103,0.435,0.433,0.449,0.41,506339.0,0.4331,0.4649,0.4649,0.41,287542.0
2023-12-21,HOLO,4.19,4.241,4.29,4.135,1.4282256112321376,0.4131,0.446,0.447,0.401,404346.0,0.435,0.433,0.449,0.41,506339.0
2023-12-22,HOLO,4.25,4.137,4.25,4.104,0.07063809748056675,0.4247,0.419,0.429,0.41,122678.0,0.4131,0.446,0.447,0.401,404346.0
2023-12-26,HOLO,4.2,4.107,4.2,4.106,0.0,0.42,0.425,0.425,0.4104,151624.0,0.4247,0.419,0.429,0.41,122678.0
2023-12-27,HOLO,4.0,3.96,4.1,3.929,-2.4152232251768635,0.4099,0.42,0.42,0.3946,422287.0,0.42,0.425,0.425,0.4104,151624.0
2023-12-28,HOLO,3.983,3.65,3.983,3.505,1.117034780401121,0.3939,0.4,0.41,0.3801,603070.0,0.4099,0.42,0.42,0.3946,422287.0
2023-12-29,HOLO,3.887,3.638,3.887,3.51,5.054054054054053,0.37,0.3983,0.3983,0.3505,964827.0,0.3939,0.4,0.41,0.3801,603070.0
2024-01-02,HOLO,3.677,3.47,3.719,3.404,3.606649760495924,0.3549,0.3887,0.3887,0.34,809664.0,0.37,0.3983,0.3983,0.3505,964827.0
2024-01-03,HOLO,3.5,3.42,3.5,3.38,-2.234636871508382,0.358,0.3677,0.3719,0.34,722413.0,0.3549,0.3887,0.3887,0.34,809664.0
2024-01-04,HOLO,3.231,3.05,3.231,3.038,0.030959752321978017,0.323,0.35,0.35,0.3021,834365.0,0.358,0.3677,0.3719,0.34,722413.0
2024-01-05,HOLO,3.001,2.77,3.04,2.758,-3.162310422717016,0.3099,0.3231,0.3231,0.3011,523724.0,0.323,0.35,0.35,0.3021,834365.0
2024-01-08,HOLO,2.885,2.619,2.885,2.619,3.5163257983494707,0.2787,0.3001,0.304,0.265,1278758.0,0.3099,0.3231,0.3231,0.3011,523724.0
2024-01-09,HOLO,2.431,3.39,3.799,2.4,0.0,0.2431,0.2885,0.2885,0.2375,1055882.0,0.2787,0.3001,0.304,0.265,1278758.0
2024-01-10,HOLO,2.949,2.718,2.949,2.609,-0.8406186953597855,0.2974,0.2431,0.3899,0.24,20388580.0,0.2431,0.2885,0.2885,0.2375,1055882.0
2024-01-11,HOLO,2.7,2.577,2.77,2.55,-1.135115342365431,0.2731,0.2949,0.2949,0.2609,1965930.0,0.2974,0.2431,0.3899,0.24,20388580.0
2024-01-12,HOLO,2.7,2.527,2.7,2.508,0.89686098654709,0.2676,0.27,0.277,0.253,755195.0,0.2731,0.2949,0.2949,0.2609,1965930.0
2024-01-16,HOLO,2.6,2.525,2.6,2.412,2.7667984189723343,0.253,0.27,0.27,0.245,1284713.0,0.2676,0.27,0.277,0.253,755195.0
2024-01-17,HOLO,2.468,2.312,2.47,2.3,-1.2800000000000034,0.25,0.26,0.2679,0.2412,726341.0,0.253,0.27,0.27,0.245,1284713.0
2024-01-18,HOLO,2.3,2.241,2.316,2.21,-0.3466204506065837,0.2308,0.2468,0.247,0.225,1139067.0,0.25,0.26,0.2679,0.2412,726341.0
2024-01-19,HOLO,2.221,2.122,2.221,2.104,1.0004547521600635,0.2199,0.23,0.2316,0.2125,718170.0,0.2308,0.2468,0.247,0.225,1139067.0
2024-01-22,HOLO,2.06,2.135,2.159,2.026,1.7283950617283828,0.2025,0.2221,0.2248,0.2001,540665.0,0.2199,0.23,0.2316,0.2125,718170.0
2024-01-23,HOLO,2.353,2.16,2.4,2.147,6.954545454545458,0.22,0.206,0.2268,0.2026,672017.0,0.2025,0.2221,0.2248,0.2001,540665.0
2024-01-24,HOLO,2.166,2.099,2.243,2.005,1.2622720897615616,0.2139,0.2353,0.24,0.2026,608221.0,0.22,0.206,0.2268,0.2026,672017.0
2024-01-25,HOLO,2.0,1.93,2.099,1.901,-2.3914104441190767,0.2049,0.2166,0.2243,0.2005,401513.0,0.2139,0.2353,0.24,0.2026,608221.0
2024-01-26,HOLO,1.976,1.92,1.976,1.9,1.6984045290787428,0.1943,0.2,0.2099,0.183,476379.0,0.2049,0.2166,0.2243,0.2005,401513.0
2024-01-29,HOLO,2.019,1.951,2.019,1.933,3.804627249357321,0.1945,0.1976,0.1976,0.19,400369.0,0.1943,0.2,0.2099,0.183,476379.0
2024-01-30,HOLO,2.3,2.1,2.3,2.055,2.449888641425392,0.2245,0.2019,0.2245,0.1933,884744.0,0.1945,0.1976,0.1976,0.19,400369.0
2024-01-31,HOLO,2.117,2.03,2.117,1.943,2.5181598062954045,0.2065,0.23,0.23,0.2011,567009.0,0.2245,0.2019,0.2245,0.1933,884744.0
2024-02-01,HOLO,2.01,2.0,2.08,1.984,-0.0994035785288161,0.2012,0.2117,0.2119,0.1943,663728.0,0.2065,0.23,0.23,0.2011,567009.0
2024-02-02,HOLO,1.9,1.78,1.9,1.68,887.0129870129871,0.1925,0.201,0.208,0.1902,709807.0,0.2012,0.2117,0.2119,0.1943,663728.0
2024-02-05,HOLO,1.82,1.81,1.9,1.72,-0.5464480874316944,1.83,1.9,1.9,1.6801,159544.0,0.1925,0.201,0.208,0.1902,709807.0
2024-02-06,HOLO,1.69,1.571,1.71,1.56,-0.5882352941176475,1.7,1.82,1.9,1.65,196285.0,1.83,1.9,1.9,1.6801,159544.0
2024-02-07,HOLO,3.76,5.01,5.47,3.3,149.0066225165563,1.51,1.69,1.71,1.5,114281.0,1.7,1.82,1.9,1.65,196285.0
2024-02-08,HOLO,39.52,23.33,41.53,18.8,119.55555555555557,18.0,3.76,18.64,3.3,187655900.0,1.51,1.69,1.71,1.5,114281.0
2024-02-09,HOLO,22.0,20.98,24.14,18.76,-23.344947735191635,28.7,39.52,41.53,17.21,21599336.0,18.0,3.76,18.64,3.3,187655900.0
2024-02-12,HOLO,18.0,16.966,18.159,15.22,-15.492957746478876,21.3,22.0,24.14,18.76,5075701.0,28.7,39.52,41.53,17.21,21599336.0
2024-02-13,HOLO,15.9,22.45,24.34,15.452,-6.908665105386405,17.08,18.0,18.8,15.22,2758290.0,21.3,22.0,24.14,18.76,5075701.0
2024-02-14,HOLO,24.75,27.706,28.9,24.75,5.229591836734696,23.52,15.9,43.0,15.452,19594313.0,17.08,18.0,18.8,15.22,2758290.0
2024-02-15,HOLO,23.3,23.58,27.0,23.02,3.4176653351087416,22.53,24.75,31.71,21.17,3897035.0,23.52,15.9,43.0,15.452,19594313.0
2024-02-16,HOLO,33.3,63.28,63.28,33.3,7.419354838709669,31.0,23.3,32.86,23.0201,3604006.0,22.53,24.75,31.71,21.17,3897035.0
2024-02-20,HOLO,50.89,39.401,52.89,33.17,-23.31223628691983,66.36,33.3,98.4,33.3,12743404.0,31.0,23.3,32.86,23.0201,3604006.0
2024-02-21,HOLO,21.29,16.9,24.6,15.75,29.73796465569774,16.41,50.89,52.8899,14.28,11232365.0,66.36,33.3,98.4,33.3,12743404.0
2024-02-22,HOLO,14.74,12.3,15.3,11.32,-4.903225806451612,15.5,21.29,24.6,13.27,10538118.0,16.41,50.89,52.8899,14.28,11232365.0
2024-02-23,HOLO,10.05,8.6,9.68,10.03,-8.719346049046313,11.01,14.74,15.3,11.0,5488294.0,15.5,21.29,24.6,13.27,10538118.0
2024-02-26,HOLO,10.4,11.59,14.0,10.8,57.33736762481089,6.61,10.05,11.1699,6.4,6642492.0,11.01,14.74,15.3,11.0,5488294.0
2024-02-27,HOLO,11.1,10.1,9.9,10.01,-7.500000000000003,12.0,10.4,14.0,9.77,53202983.0,6.61,10.05,11.1699,6.4,6642492.0
2024-02-28,HOLO,9.19,10.905,9.3,10.0,-2.545068928950162,9.43,11.1,12.0,8.9,5391816.0,12.0,10.4,14.0,9.77,53202983.0
2024-02-29,HOLO,9.94,9.85,9.928,10.2,-1.5841584158415856,10.1,9.19,11.7,8.05,7178110.0,9.43,11.1,12.0,8.9,5391816.0
2024-03-01,HOLO,9.4,9.04,9.5,8.5,-3.192584963954691,9.71,9.94,10.95,9.57,2460132.0,10.1,9.19,11.7,8.05,7178110.0
2024-03-04,HOLO,9.02,8.092,9.088,7.78,0.0,9.02,9.4,9.64,8.5,1894663.0,9.71,9.94,10.95,9.57,2460132.0
2024-03-05,HOLO,7.77,7.11,7.83,6.9,0.25806451612902676,7.75,9.02,9.0882,7.4801,1980323.0,9.02,9.4,9.64,8.5,1894663.0
2024-03-06,HOLO,7.53,7.3,9.2,7.01,13.063063063063066,6.66,7.77,7.83,6.5,1609202.0,7.75,9.02,9.0882,7.4801,1980323.0
2024-03-07,HOLO,6.86,6.05,6.91,5.82,1.6296296296296344,6.75,7.53,9.2,6.51,4922972.0,6.66,7.77,7.83,6.5,1609202.0
2024-03-08,HOLO,6.34,5.91,6.45,5.812,3.9344262295082006,6.1,6.86,6.91,5.82,2024867.0,6.75,7.53,9.2,6.51,4922972.0
